,Time
2,3/10/2023 6:35
3,3/9/2023 9:36
4,3/9/2023 9:11
5,3/6/2023 16:44
6,3/1/2023 2:45
7,3/1/2023 0:51
8,2/26/2023 13:55
9,2/26/2023 7:50
10,2/24/2023 10:46
11,2/22/2023 3:27
12,2/21/2023 7:52
13,2/18/2023 21:46
14,2/16/2023 12:32
15,2/16/2023 1:50
16,2/13/2023 9:03
17,2/13/2023 2:24
18,2/12/2023 11:42
19,2/9/2023 23:02
20,2/9/2023 22:54
21,2/9/2023 22:50
22,2/9/2023 12:51
23,2/9/2023 12:23
24,2/9/2023 12:21
25,2/8/2023 7:29
26,2/4/2023 9:47
27,2/3/2023 0:38
28,2/2/2023 20:47
29,2/2/2023 0:06
30,2/1/2023 20:06
31,1/28/2023 14:42
32,1/26/2023 14:37
33,1/25/2023 3:30
34,1/20/2023 2:17
35,1/19/2023 10:43
36,1/16/2023 20:05
37,1/16/2023 0:40
38,1/14/2023 14:47
39,1/12/2023 4:19
40,1/10/2023 16:45
41,1/10/2023 16:34
42,1/10/2023 16:28
43,1/10/2023 16:18
44,1/7/2023 11:13
45,1/7/2023 11:13
46,1/7/2023 11:12
47,1/7/2023 10:54
48,1/7/2023 10:40
49,1/7/2023 10:40
50,1/7/2023 10:32
51,1/7/2023 10:32
52,1/7/2023 10:25
53,1/7/2023 10:25
54,1/7/2023 10:23
55,1/4/2023 6:50
56,1/4/2023 6:45
57,1/4/2023 0:16
58,1/4/2023 0:14
59,1/3/2023 10:55
60,1/3/2023 6:19
61,1/3/2023 6:18
62,1/3/2023 6:16
63,1/2/2023 7:14
64,1/2/2023 3:10
65,1/2/2023 2:45
66,1/1/2023 1:50
67,1/1/2023 1:47
68,12/31/2022 17:29
69,12/29/2022 15:36
70,12/28/2022 15:13
71,12/24/2022 14:16
72,12/23/2022 23:53
73,12/23/2022 6:24
74,12/22/2022 3:38
75,12/20/2022 12:31
76,12/20/2022 6:26
77,12/19/2022 12:42
78,12/18/2022 11:32
79,12/12/2022 22:30
80,12/12/2022 22:01
81,12/9/2022 4:05
82,12/6/2022 3:55
83,12/5/2022 18:40
84,12/5/2022 4:28
85,12/2/2022 18:43
86,11/30/2022 5:27
87,11/29/2022 7:53
88,11/24/2022 6:43
89,11/18/2022 18:00
90,11/17/2022 20:45
91,11/17/2022 20:45
92,11/17/2022 9:18
93,11/17/2022 8:23
94,11/17/2022 3:06
95,11/15/2022 9:25
96,11/14/2022 6:12
97,11/14/2022 3:37
98,11/13/2022 22:07
99,11/13/2022 17:03
100,11/11/2022 3:59
101,11/10/2022 11:38
102,11/9/2022 7:17
103,11/9/2022 6:35
104,11/8/2022 20:15
105,11/6/2022 7:34
106,11/6/2022 7:08
107,11/6/2022 7:00
108,11/6/2022 6:49
109,11/6/2022 2:37
110,11/6/2022 0:30
111,11/5/2022 18:09
112,11/5/2022 17:18
113,11/5/2022 11:15
114,11/5/2022 11:13
115,11/5/2022 8:36
116,11/5/2022 8:36
117,11/5/2022 8:36
118,11/4/2022 21:23
119,11/4/2022 21:19
120,11/4/2022 5:53
121,11/2/2022 21:00
122,11/2/2022 11:15
123,11/1/2022 19:34
124,11/1/2022 16:21
125,10/31/2022 20:02
126,10/31/2022 3:44
127,10/31/2022 3:44
128,10/31/2022 3:42
129,10/31/2022 3:40
130,10/30/2022 9:50
131,10/30/2022 9:50
132,10/29/2022 7:36
133,10/27/2022 23:22
134,10/27/2022 20:05
135,10/26/2022 6:28
136,10/26/2022 6:27
137,10/26/2022 6:22
138,10/25/2022 9:25
139,10/25/2022 8:32
140,10/24/2022 4:40
141,10/22/2022 4:27
142,10/21/2022 5:09
143,10/21/2022 5:08
144,10/21/2022 5:08
145,10/21/2022 5:08
146,10/20/2022 7:05
147,10/20/2022 7:05
148,10/20/2022 7:03
149,10/20/2022 6:10
150,10/20/2022 6:10
151,10/17/2022 9:10
152,10/17/2022 5:38
153,10/16/2022 10:07
154,10/16/2022 6:01
155,10/15/2022 5:51
156,10/14/2022 8:48
157,10/13/2022 10:38
158,10/12/2022 1:48
159,10/11/2022 23:31
160,10/10/2022 17:22
161,10/10/2022 2:15
162,10/9/2022 7:01
163,10/7/2022 0:46
164,10/5/2022 8:25
165,10/3/2022 8:30
166,10/3/2022 8:29
167,10/3/2022 8:28
168,10/3/2022 6:22
169,10/2/2022 2:19
170,10/2/2022 0:00
171,10/1/2022 23:50
172,10/1/2022 10:17
173,9/28/2022 14:25
174,9/26/2022 6:49
175,9/25/2022 7:05
176,9/25/2022 7:05
177,9/25/2022 7:04
178,9/25/2022 7:03
179,9/25/2022 6:53
180,9/25/2022 3:15
181,9/24/2022 16:42
182,9/24/2022 10:59
183,9/24/2022 10:31
184,9/24/2022 10:31
185,9/23/2022 3:21
186,9/22/2022 8:33
187,9/21/2022 19:41
188,9/21/2022 1:20
189,9/20/2022 22:07
190,9/18/2022 22:35
191,9/18/2022 4:21
192,9/18/2022 4:19
193,9/18/2022 2:23
194,9/18/2022 2:23
195,9/15/2022 8:35
196,9/14/2022 14:14
197,9/14/2022 8:16
198,9/14/2022 8:16
199,9/14/2022 8:15
200,9/13/2022 8:27
201,9/12/2022 8:37
202,9/12/2022 8:36
203,9/12/2022 8:35
204,9/12/2022 8:35
205,9/12/2022 7:27
206,9/7/2022 7:37
207,9/7/2022 6:58
208,9/7/2022 6:56
209,9/7/2022 6:54
210,9/7/2022 3:01
211,9/7/2022 2:59
212,9/7/2022 2:56
213,9/7/2022 2:53
214,9/7/2022 2:42
215,9/6/2022 6:59
216,9/6/2022 1:27
217,9/5/2022 6:53
218,9/5/2022 4:21
219,9/4/2022 20:41
220,9/4/2022 7:44
221,9/4/2022 7:11
222,9/4/2022 7:00
223,9/4/2022 7:00
224,9/4/2022 0:06
225,9/2/2022 1:11
226,8/29/2022 6:55
227,8/24/2022 2:21
228,8/20/2022 11:56
229,8/20/2022 11:49
230,8/16/2022 12:34
231,8/16/2022 12:05
232,8/15/2022 23:41
233,8/15/2022 23:41
234,8/13/2022 23:02
235,8/13/2022 16:33
236,8/11/2022 19:18
237,8/11/2022 14:37
238,8/11/2022 0:08
239,8/5/2022 23:13
240,8/5/2022 23:02
241,8/2/2022 10:51
242,8/2/2022 0:12
243,8/1/2022 18:32
244,7/31/2022 0:21
245,7/29/2022 22:57
246,7/29/2022 21:55
247,7/29/2022 9:47
248,7/29/2022 1:14
249,7/29/2022 0:29
250,7/29/2022 0:07
251,7/29/2022 0:05
252,7/26/2022 13:10
253,7/24/2022 23:41
254,7/24/2022 16:25
255,7/23/2022 23:01
256,7/23/2022 22:31
257,7/23/2022 19:03
258,7/22/2022 2:52
259,7/22/2022 1:18
260,7/22/2022 0:18
261,7/20/2022 21:17
262,7/20/2022 0:22
263,7/19/2022 19:43
264,7/18/2022 19:48
265,7/15/2022 22:58
266,7/15/2022 22:53
267,7/14/2022 1:05
268,7/14/2022 1:05
269,7/14/2022 1:03
270,7/12/2022 2:23
271,7/5/2022 14:18
272,7/3/2022 14:12
273,7/3/2022 3:26
274,7/3/2022 3:26
275,7/3/2022 3:25
276,7/3/2022 3:17
277,7/3/2022 2:41
278,7/3/2022 2:36
279,7/3/2022 2:20
280,7/3/2022 2:19
281,7/3/2022 2:14
282,7/3/2022 1:44
283,7/1/2022 14:18
284,7/1/2022 0:01
285,6/30/2022 10:21
286,6/29/2022 16:31
287,6/29/2022 3:28
288,6/27/2022 14:47
289,6/27/2022 14:41
290,6/23/2022 0:02
291,6/22/2022 12:21
292,6/22/2022 10:03
293,6/21/2022 1:10
294,6/19/2022 20:12
295,6/19/2022 0:24
296,6/18/2022 2:57
297,6/14/2022 0:13
298,6/12/2022 2:02
299,6/10/2022 17:23
300,6/10/2022 0:22
301,6/10/2022 0:22
302,6/7/2022 22:55
303,6/7/2022 22:54
304,6/6/2022 19:08
305,6/6/2022 16:35
306,6/5/2022 23:31
307,6/3/2022 12:41
308,6/2/2022 21:11
309,6/1/2022 23:54
310,6/1/2022 23:47
311,5/31/2022 12:37
312,5/27/2022 9:28
313,5/18/2022 13:14
314,5/2/2022 1:13
315,4/23/2022 0:57
316,4/19/2022 2:32
317,4/14/2022 17:25
318,4/3/2022 3:29
319,4/2/2022 18:02
320,4/1/2022 23:30
321,3/31/2022 1:12
322,3/30/2022 14:26
323,3/22/2022 2:20
324,3/22/2022 2:18
325,3/21/2022 22:14
326,3/20/2022 18:53
327,3/20/2022 14:33
328,3/17/2022 22:13
329,3/17/2022 14:21
330,3/17/2022 1:22
331,3/15/2022 0:53
332,3/14/2022 20:02
333,3/11/2022 22:01
334,3/11/2022 20:58
335,3/6/2022 15:23
336,3/5/2022 20:46
337,3/4/2022 23:57
338,2/26/2022 18:36
339,2/25/2022 0:02
340,2/24/2022 0:54
341,2/23/2022 15:48
342,2/23/2022 15:31
343,2/23/2022 15:30
344,2/21/2022 19:14
345,2/20/2022 9:53
346,2/19/2022 22:09
347,2/11/2022 12:51
348,2/11/2022 2:29
349,2/11/2022 1:58
350,2/10/2022 21:47
351,2/10/2022 21:45
352,2/8/2022 17:50
353,2/8/2022 17:00
354,2/7/2022 12:54
355,2/7/2022 0:33
356,2/7/2022 0:31
357,2/7/2022 0:30
358,2/6/2022 14:29
359,2/4/2022 23:42
360,2/4/2022 21:30
361,2/4/2022 2:31
362,1/29/2022 17:39
363,1/28/2022 0:29
364,1/23/2022 0:30
365,1/21/2022 11:17
366,1/20/2022 15:50
367,1/16/2022 17:13
368,1/14/2022 1:14
369,1/13/2022 14:31
370,1/13/2022 14:31
371,1/11/2022 2:18
372,12/29/2021 19:40
373,12/29/2021 19:40
374,12/29/2021 12:27
375,12/29/2021 11:44
376,12/25/2021 21:52
377,12/25/2021 21:34
378,12/22/2021 22:55
379,12/16/2021 22:37
380,12/14/2021 23:48
381,12/14/2021 23:48
382,12/10/2021 1:07
383,12/10/2021 1:06
384,12/9/2021 12:36
385,12/1/2021 20:43
386,12/1/2021 11:29
387,11/30/2021 22:49
388,11/29/2021 20:09
389,11/29/2021 19:55
390,11/29/2021 12:13
391,11/23/2021 21:57
392,11/23/2021 20:51
393,11/23/2021 20:37
394,11/21/2021 15:12
395,11/20/2021 19:31
396,11/19/2021 20:03
397,11/18/2021 2:17
398,11/17/2021 14:37
399,11/16/2021 4:24
400,11/13/2021 16:59
401,11/13/2021 16:59
402,11/10/2021 19:58
403,11/10/2021 0:21
404,11/4/2021 0:58
405,11/3/2021 22:44
406,11/3/2021 22:44
407,11/3/2021 22:44
408,11/3/2021 22:43
409,11/3/2021 22:34
410,11/3/2021 22:24
411,11/3/2021 19:58
412,11/2/2021 15:35
413,11/2/2021 15:32
414,11/1/2021 18:26
415,10/31/2021 14:23
416,10/31/2021 13:35
417,10/31/2021 13:35
418,10/31/2021 13:27
419,10/31/2021 13:09
420,10/31/2021 1:49
421,10/29/2021 18:54
422,10/27/2021 14:02
423,10/27/2021 0:24
424,10/26/2021 1:08
425,10/24/2021 21:15
426,10/24/2021 19:44
427,10/23/2021 19:18
428,10/23/2021 19:05
429,10/23/2021 19:05
430,10/23/2021 19:05
431,10/23/2021 19:05
432,10/23/2021 19:04
433,10/23/2021 19:04
434,10/22/2021 16:11
435,10/19/2021 10:21
436,10/17/2021 23:20
437,10/16/2021 23:45
438,10/16/2021 23:44
439,10/14/2021 11:50
440,9/26/2021 22:21
441,9/25/2021 23:18
442,9/25/2021 23:18
443,9/25/2021 23:13
444,9/25/2021 23:11
445,9/25/2021 23:11
446,9/25/2021 23:11
447,9/25/2021 23:10
448,9/23/2021 21:28
449,9/23/2021 17:02
450,9/20/2021 23:29
451,9/19/2021 23:00
452,9/18/2021 17:35
453,9/15/2021 17:44
454,9/15/2021 12:20
455,9/13/2021 16:35
456,9/12/2021 22:48
457,9/10/2021 23:28
458,9/10/2021 23:09
459,9/7/2021 20:44
460,9/7/2021 19:03
461,9/7/2021 11:20
462,9/6/2021 18:29
463,9/5/2021 21:46
464,9/2/2021 18:02
465,9/2/2021 17:11
466,9/2/2021 17:09
467,8/29/2021 19:19
468,8/29/2021 16:32
469,8/29/2021 16:30
470,8/29/2021 8:44
471,8/28/2021 23:46
472,8/27/2021 12:16
473,8/27/2021 2:10
474,8/23/2021 12:31
475,8/18/2021 20:03
476,8/15/2021 19:02
477,8/13/2021 0:46
478,8/12/2021 9:40
479,8/10/2021 10:17
480,8/9/2021 20:41
481,8/9/2021 20:40
482,8/3/2021 18:08
483,7/31/2021 0:06
484,7/31/2021 0:06
485,7/31/2021 0:05
486,7/31/2021 0:04
487,7/30/2021 18:56
488,7/27/2021 12:12
489,7/27/2021 12:12
490,7/25/2021 23:58
491,7/22/2021 17:48
492,7/21/2021 20:41
493,7/19/2021 11:50
494,7/18/2021 18:27
495,7/18/2021 18:03
496,7/18/2021 9:54
497,7/16/2021 17:00
498,7/15/2021 23:53
499,7/13/2021 18:35
500,7/9/2021 8:17
501,7/8/2021 12:24
502,7/1/2021 8:19
503,6/30/2021 21:27
504,6/20/2021 22:55
505,6/19/2021 12:55
506,6/12/2021 14:05
507,6/11/2021 18:09
508,6/7/2021 23:34
509,6/7/2021 23:28
510,6/7/2021 20:21
511,6/7/2021 20:21
512,6/7/2021 20:20
513,6/7/2021 20:20
514,6/7/2021 20:20
515,6/7/2021 20:20
516,6/7/2021 20:20
517,6/7/2021 20:20
518,6/7/2021 20:19
519,6/7/2021 20:19
520,6/7/2021 20:19
521,6/7/2021 20:12
522,6/7/2021 20:08
523,6/5/2021 11:54
524,6/5/2021 11:49
525,6/5/2021 2:43
526,6/4/2021 17:19
527,6/4/2021 12:51
528,6/3/2021 11:30
529,5/29/2021 23:23
530,5/29/2021 0:47
531,5/27/2021 18:55
532,5/27/2021 10:20
533,5/23/2021 22:00
534,5/22/2021 22:58
535,4/29/2021 16:50
536,4/16/2021 16:34
537,4/15/2021 23:30
538,4/11/2021 13:47
539,4/11/2021 10:55
540,4/9/2021 15:43
541,4/8/2021 20:45
542,4/8/2021 9:51
543,4/5/2021 18:52
544,4/1/2021 15:50
545,3/22/2021 9:09
546,3/21/2021 21:52
547,3/21/2021 10:20
548,3/16/2021 23:38
549,3/13/2021 9:54
550,3/13/2021 9:54
551,3/11/2021 8:40
552,3/10/2021 15:44
553,3/10/2021 15:43
554,3/10/2021 15:43
555,3/10/2021 13:04
556,3/5/2021 15:16
557,3/5/2021 15:16
558,3/4/2021 22:01
559,3/4/2021 22:01
560,3/4/2021 22:01
561,3/4/2021 21:46
562,3/4/2021 21:37
563,3/3/2021 22:33
564,3/3/2021 22:33
565,3/3/2021 20:30
566,2/25/2021 13:23
567,2/23/2021 3:49
568,2/20/2021 23:58
569,2/20/2021 21:59
570,2/20/2021 21:17
571,2/20/2021 1:31
572,2/19/2021 21:12
573,2/19/2021 21:11
574,2/19/2021 21:11
575,2/19/2021 21:11
576,2/17/2021 23:26
577,2/16/2021 21:12
578,2/14/2021 23:59
579,2/13/2021 19:00
580,2/13/2021 1:00
581,2/13/2021 1:00
582,2/13/2021 1:00
583,2/13/2021 1:00
584,2/12/2021 19:35
585,2/12/2021 12:02
586,2/12/2021 8:58
587,2/12/2021 8:53
588,2/12/2021 8:47
589,2/12/2021 8:46
590,2/12/2021 8:46
591,2/11/2021 14:37
592,2/11/2021 1:33
593,2/10/2021 23:20
594,2/10/2021 18:21
595,2/2/2021 10:34
596,1/30/2021 9:46
597,12/29/2020 10:35
598,12/27/2020 20:02
599,10/29/2020 17:48
600,10/20/2020 19:06
601,9/20/2020 23:33
602,9/17/2020 19:31
603,8/19/2020 8:28
604,8/14/2020 13:41
605,8/13/2020 21:48
606,8/13/2020 9:58
607,8/13/2020 9:47
608,7/30/2020 19:44
609,7/23/2020 7:05
610,7/13/2020 13:53
611,7/12/2020 17:31
612,7/12/2020 17:31
613,6/15/2020 15:54
614,6/8/2020 8:25
615,6/1/2020 11:09
616,5/28/2020 12:47
617,5/28/2020 12:45
618,5/19/2020 22:13
619,5/19/2020 18:01
620,5/9/2020 15:46
621,4/15/2020 13:28
622,4/13/2020 12:05
623,4/9/2020 12:05
624,2/13/2020 18:12
625,2/13/2020 18:11
626,2/7/2020 17:25
627,1/4/2020 10:03
628,12/5/2019 20:11
629,9/20/2019 20:06
630,7/20/2019 20:46
631,7/6/2019 21:27
632,7/4/2019 22:39
633,7/2/2019 22:09
634,2/28/2019 22:46
635,1/24/2019 23:16
636,11/21/2018 18:37
637,9/26/2018 19:20
638,9/26/2018 19:17
639,9/5/2018 2:35
640,9/3/2018 18:18
641,7/28/2018 13:19
642,7/6/2018 17:46
643,6/23/2018 17:42
644,6/15/2018 11:41
645,5/17/2018 22:29
646,5/17/2018 22:28
647,5/17/2018 22:28
648,5/17/2018 14:05
649,5/17/2018 14:04
650,5/14/2018 14:18
651,5/12/2018 13:06
652,5/1/2018 15:21
653,4/30/2018 19:43
654,4/30/2018 19:43
655,4/30/2018 19:42
656,4/30/2018 19:35
657,4/30/2018 19:25
658,4/30/2018 19:25
659,4/30/2018 19:24
660,4/22/2018 15:38
661,4/19/2018 18:53
662,4/11/2018 8:08
663,8/20/2017 17:45
